{
  "0_0": {
    "prediction": 0,
    "probability": 0.662296712398529,
    "logits": [
      0.18768370151519775,
      -0.48586246371269226
    ]
  },
  "0_1": {
    "prediction": 0,
    "probability": 0.6966277360916138,
    "logits": [
      0.2631189227104187,
      -0.5681716799736023
    ]
  },
  "0_2": {
    "prediction": 0,
    "probability": 0.7362790107727051,
    "logits": [
      0.25863122940063477,
      -0.7680864930152893
    ]
  },
  "0_3": {
    "prediction": 0,
    "probability": 0.7882274389266968,
    "logits": [
      0.3019595742225647,
      -1.012313961982727
    ]
  },
  "0_4": {
    "prediction": 0,
    "probability": 0.8334975838661194,
    "logits": [
      0.34841448068618774,
      -1.2622061967849731
    ]
  },
  "0_5": {
    "prediction": 0,
    "probability": 0.8723465800285339,
    "logits": [
      0.40016835927963257,
      -1.5217000246047974
    ]
  },
  "0_6": {
    "prediction": 0,
    "probability": 0.9031841158866882,
    "logits": [
      0.45192229747772217,
      -1.7811936140060425
    ]
  },
  "0_7": {
    "prediction": 0,
    "probability": 0.9271939992904663,
    "logits": [
      0.5036762952804565,
      -2.0406875610351562
    ]
  },
  "0_8": {
    "prediction": 0,
    "probability": 0.9456080198287964,
    "logits": [
      0.5554301142692566,
      -2.3001811504364014
    ]
  },
  "1_0": {
    "prediction": 0,
    "probability": 0.6999454498291016,
    "logits": [
      0.3946807384490967,
      -0.4523571729660034
    ]
  },
  "1_1": {
    "prediction": 0,
    "probability": 0.7483299374580383,
    "logits": [
      0.43958204984664917,
      -0.6501432657241821
    ]
  },
  "1_2": {
    "prediction": 0,
    "probability": 0.7773192524909973,
    "logits": [
      0.4215826392173767,
      -0.8285295367240906
    ]
  },
  "1_3": {
    "prediction": 0,
    "probability": 0.8182029724121094,
    "logits": [
      0.4593315124511719,
      -1.0448881387710571
    ]
  },
  "1_4": {
    "prediction": 0,
    "probability": 0.8566649556159973,
    "logits": [
      0.49973219633102417,
      -1.2881298065185547
    ]
  },
  "1_5": {
    "prediction": 0,
    "probability": 0.887267529964447,
    "logits": [
      0.5338674783706665,
      -1.5292617082595825
    ]
  },
  "1_6": {
    "prediction": 0,
    "probability": 0.9120074510574341,
    "logits": [
      0.5680027604103088,
      -1.7703932523727417
    ]
  },
  "1_7": {
    "prediction": 0,
    "probability": 0.9321691393852234,
    "logits": [
      0.6045683026313782,
      -2.0159285068511963
    ]
  },
  "1_8": {
    "prediction": 0,
    "probability": 0.9487998485565186,
    "logits": [
      0.6471290588378906,
      -2.2723264694213867
    ]
  }
}