{
  "0_0": {
    "prediction": 0,
    "probability": 0.9999955892562866,
    "logits": [
      6.231032848358154,
      -6.101356029510498
    ]
  },
  "0_1": {
    "prediction": 0,
    "probability": 0.9997021555900574,
    "logits": [
      4.122921943664551,
      -3.9957571029663086
    ]
  },
  "0_2": {
    "prediction": 0,
    "probability": 0.9802355766296387,
    "logits": [
      2.014376640319824,
      -1.889533519744873
    ]
  },
  "0_3": {
    "prediction": 1,
    "probability": 0.5654079914093018,
    "logits": [
      -0.07068202644586563,
      0.1924578696489334
    ]
  },
  "0_4": {
    "prediction": 1,
    "probability": 0.8167994618415833,
    "logits": [
      -0.6899339556694031,
      0.8048783540725708
    ]
  },
  "0_5": {
    "prediction": 1,
    "probability": 0.9354456663131714,
    "logits": [
      -1.2836970090866089,
      1.3898180723190308
    ]
  },
  "0_6": {
    "prediction": 1,
    "probability": 0.9792095422744751,
    "logits": [
      -1.8774713277816772,
      1.9747788906097412
    ]
  },
  "0_7": {
    "prediction": 1,
    "probability": 0.9932750463485718,
    "logits": [
      -2.4530179500579834,
      2.5421643257141113
    ]
  },
  "0_8": {
    "prediction": 1,
    "probability": 0.9978454113006592,
    "logits": [
      -3.0263638496398926,
      3.1116504669189453
    ]
  },
  "1_0": {
    "prediction": 0,
    "probability": 1.0,
    "logits": [
      10.017577171325684,
      -9.93372631072998
    ]
  },
  "1_1": {
    "prediction": 0,
    "probability": 0.9999998807907104,
    "logits": [
      7.890753269195557,
      -7.8019843101501465
    ]
  },
  "1_2": {
    "prediction": 0,
    "probability": 0.9999891519546509,
    "logits": [
      5.760897636413574,
      -5.6674113273620605
    ]
  },
  "1_3": {
    "prediction": 0,
    "probability": 0.9992231130599976,
    "logits": [
      3.62869930267334,
      -3.5307321548461914
    ]
  },
  "1_4": {
    "prediction": 0,
    "probability": 0.9473095536231995,
    "logits": [
      1.4959261417388916,
      -1.3932658433914185
    ]
  },
  "1_5": {
    "prediction": 1,
    "probability": 0.7973145842552185,
    "logits": [
      -0.6310582160949707,
      0.7385357618331909
    ]
  },
  "1_6": {
    "prediction": 1,
    "probability": 0.9855993986129761,
    "logits": [
      -2.053097724914551,
      2.1728837490081787
    ]
  },
  "1_7": {
    "prediction": 1,
    "probability": 0.9991586208343506,
    "logits": [
      -3.473724365234375,
      3.605963945388794
    ]
  },
  "1_8": {
    "prediction": 1,
    "probability": 0.9999431371688843,
    "logits": [
      -4.815972328186035,
      4.95900821685791
    ]
  }
}